{"evidence": [[0.732891, 0.267109, 0.0671088, 0.208142, 0.529457, 0.329509, 0.867355, 0.132645, 0.0671088, 0.932891, 0.0671088, 0.0671088, 0.890948, 0.109052, 0.0671088, 0.932891, 0.0671088, 0.0671088, 0.932891, 0.0671088, 0.0671088, 0.932891, 0.0671088, 0.0671088, 0.109052, 0.153092, 0.804965, 0.838519, 0.119537, 0.109052], [0.578705, 0.0359979, 0.396556, 0.423399, 0.261534, 0.326325, 0.961897, 0.011259, 0.0381024, 0.988741, 0.011259, 0.011259, 0.988741, 0.011259, 0.011259, 0.988741, 0.011259, 0.011259, 0.988741, 0.011259, 0.011259, 0.988741, 0.011259, 0.011259, 0.581358, 0.33377, 0.0961304, 0.0961304, 0.33377, 0.581358]], "actionCount": 42, "evidenceCountByClass": [9, 17], "actionCountByClass": [16.0, 26.0], "classCount": 2, "evidenceCount": 26}